XLY,Consumer Discretionary Select Sector SPDR Fund,Broad Consumer Discretionary,"$19,362.70",7.12%,3375665,$172.23,0.96%, 
XLC,Communication Services Select Sector SPDR Fund,Media,"$11,897.30",5.82%,3532359,$71.41,1.26%, 
VCR,Vanguard Consumer Discretionary ETF,Broad Consumer Discretionary,"$5,280.31",8.37%,112379,$298.20,1.00%, 
IBUY,Amplify Online Retail ETF,Retail,"$1,750.11",16.75%,249479,$133.47,0.68%, 
FXD,First Trust Consumer Discretionary AlphaDEX Fund,Broad Consumer Discretionary,"$1,461.07",9.89%,141638,$55.91,1.29%, 
FDIS,Fidelity MSCI Consumer Discretionary Index ETF,Broad Consumer Discretionary,"$1,402.33",8.08%,173351,$77.28,0.98%, 
IYC,iShares US Consumer Services ETF,Consumer Services,"$1,283.01",3.53%,103246,$72.99,0.79%, 
ONLN,ProShares Online Retail ETF,Retail,"$1,265.46",18.29%,182929,$89.72,2.14%, 
PEJ,Invesco Dynamic Leisure and Entertainment ETF,Broad Consumer Discretionary,$913.65,11.27%,443621,$44.54,1.55%, 
ESPO,VanEck Vectors Video Gaming and eSports ETF,Gaming,$872.71,10.63%,169179,$77.45,1.35%, 
HERO,Global X Video Games & Esports ETF,Gaming,$810.34,12.27%,288113,$34.86,2.32%, 
CHIQ,Global X MSCI China Consumer Discretionary ETF,Broad Consumer Discretionary,$677.19,14.28%,520987,$40.66,0.89%, 
XRT,SPDR S&P Retail ETF,Retail,$515.41,22.61%,4623372,$78.86,2.20%, 
RXI,iShares Global Consumer Discretionary ETF,Broad Consumer Discretionary,$455.08,6.66%,16954,$165.90,1.29%, 
BETZ,Roundhill Sports Betting & iGaming ETF,Gaming,$346.56,19.35%,310849,$30.84,3.63%, 
RCD,Invesco S&P 500® Equal Weight Consumer Discretionary ETF,Broad Consumer Discretionary,$333.82,7.46%,60027,$131.44,1.72%, 
RTH,VanEck Vectors Retail ETF,Retail,$204.12,3.54%,16141,$162.64,0.22%, 
EBIZ,Global X E-commerce ETF,Broad Consumer Discretionary,$185.98,14.83%,80894,$36.55,1.22%, 
NERD,Roundhill BITKRAFT Esports & Digital Entertainment ETF,Gaming,$99.53,20.60%,54332,$36.35,2.68%, 
BJK,VanEck Vectors Gaming ETF,Gaming,$98.19,7.92%,34389,$50.55,3.69%, 
INCO,Columbia India Consumer ETF,Broad Consumer Discretionary,$93.51,8.43%,6116,$52.26,-0.89%, 
PEZ,Invesco DWA Consumer Cyclicals Momentum ETF,Broad Consumer Discretionary,$82.47,23.48%,14273,$93.93,3.37%, 
CARZ,First Trust NASDAQ Global Auto Index Fund,Automotive,$69.33,12.60%,26635,$58.34,1.13%, 
PBS,Invesco Dynamic Media ETF,Media,$68.13,12.69%,15038,$51.95,2.18%, 
RETL,Direxion Daily Retail Bull 3X Shares,,,,,,,
BUYZ,Franklin Disruptive Commerce ETF,Broad Consumer Discretionary,$45.38,14.42%,17567,$58.97,1.39%, 
JHMC,John Hancock Multi-Factor Consumer Discretionary ETF,Broad Consumer Discretionary,$44.79,7.33%,3678,$49.20,1.46%, 
PSCD,Invesco S&P SmallCap Consumer Discretionary ETF,Broad Consumer Discretionary,$35.61,21.61%,8487,$99.05,2.09%, 
XBUY,Amplify International Online Retail ETF,Retail,$26.93,13.78%,10302,$58.39,1.34%, 
UCC,ProShares Ultra Consumer Services,Consumer Services,$26.46,5.76%,2110,$91.87,1.42%, 
WANT,Direxion Daily Consumer Discretionary Bull 3X Shares,Broad Consumer Discretionary,$26.13,20.63%,28143,$61.64,2.82%, 
BFIT,Global X Health & Wellness Thematic ETF,Broad Consumer Discretionary,$24.60,3.93%,7792,$26.58,1.57%, 
IEDI,iShares Evolved U.S. Discretionary Spending ETF,Broad Consumer Discretionary,$24.32,3.20%,4689,$41.48,0.97%, 
IEME,iShares Evolved U.S. Media and Entertainment ETF,Media,$16.15,8.87%,3479,$36.90,1.60%, 
FTXD,First Trust Nasdaq Retail ETF,Retail,$7.55,11.02%,4452,$31.24,0.81%, 
VCAR,Simplify Volt Pop Culture Disruption ETF,Automotive,$2.92,10.17%,N/A,$14.41,-0.07%, 
SCC,ProShares Ultra Short Consumer Services,Consumer Services,$1.07,-7.07%,1813,$11.00,-1.43%,
XLP,Consumer Staples Select Sector SPDR Fund,Broad Consumer Staples,"$11,405.60",-2.51%,9821815,$65.76,0.94%, 
VDC,Vanguard Consumer Staples ETF,Broad Consumer Staples,"$5,381.32",-1.34%,128251,$171.59,0.92%, 
IEV,iShares Europe ETF,Broad Consumer Staples,"$1,599.80",1.71%,242948,$48.74,0.68%, 
FSTA,Fidelity MSCI Consumer Staples Index ETF,Broad Consumer Staples,$830.74,-1.35%,138716,$40.13,0.93%, 
IYK,iShares U.S. Consumer Goods ETF,Consumer Goods,$771.66,4.08%,30287,$180.48,1.18%, 
KXI,iShares Global Consumer Staples ETF,Broad Consumer Staples,$510.58,-2.78%,65173,$56.66,0.59%, 
RHS,Invesco S&P 500® Equal Weight Consumer Staples ETF,Broad Consumer Staples,$471.68,-0.42%,16297,$150.70,0.84%, 
CLIX,ProShares Long Online/Short Stores ETF,Broad Consumer Staples,$254.28,8.93%,34860,$100.62,2.00%, 
FXG,First Trust Consumer Staples AlphaDEX Fund,Broad Consumer Staples,$233.29,3.99%,24268,$53.68,0.60%, 
ECON,Columbia Emerging Markets Consumer ETF,Broad Consumer Staples,$198.70,10.07%,32332,$31.03,1.31%, 
PSL,Invesco DWA Consumer Staples Momentum ETF,Broad Consumer Staples,$106.87,6.01%,5776,$91.85,1.39%, 
PBJ,Invesco Dynamic Food & Beverage ETF,Food & Beverage,$67.21,6.39%,14127,$38.17,1.01%, 
WBIL,WBI Bull|Bear Quality 1000 ETF,Broad Consumer Staples,$43.23,5.01%,4994,$27.96,0.65%, 
PSCC,Invesco S&P SmallCap Consumer Staples ETF,Broad Consumer Staples,$36.62,12.62%,2705,$98.03,1.13%, 
WBIE,WBI Bull|Bear Rising Income 1000 ETF,Food & Beverage,$34.82,0.64%,5610,$28.47,0.74%, 
JHMS,John Hancock Multifactor Consumer Staples ETF,Broad Consumer Staples,$24.61,0.13%,1463,$32.37,0.65%, 
CHIS,Global X MSCI Consumer Staples ETF,Broad Consumer Staples,$24.10,8.66%,14432,$37.40,1.91%, 
IECS,iShares Evolved U.S. Consumer Staples ETF,Broad Consumer Staples,$23.94,-1.79%,9989,$30.43,0.96%, 
UGE,ProShares Ultra Consumer Goods,Consumer Goods,$12.94,7.78%,1640,$89.24,2.42%, 
EMTY,ProShares Decline of the Retail Store ETF,Broad Consumer Staples,$11.35,-15.72%,22821,$19.23,-0.21%, 
FTXG,First Trust Nasdaq Food & Beverage ETF,Food & Beverage,$3.66,6.09%,2036,$24.58,0.86%, 
SZK,ProShares Ultra Short Consumer Goods,Consumer Goods,$0.69,-8.93%,1987,$8.21,-2.61%, 
XLE,Energy Select Sector SPDR Fund,Oil & Gas Exploration & Production,"$16,730.00",12.30%,35023576,$42.56,0.85%, 
ICLN,iShares Global Clean Energy ETF,Clean Energy,"$6,947.73",10.41%,7202911,$31.18,0.74%, 
TAN,Invesco Solar ETF,Solar Energy,"$4,932.43",13.56%,2222186,$116.69,1.43%, 
AMLP,Alerian MLP ETF,MLP,"$4,392.98",9.70%,3601278,$28.15,0.64%, 
VDE,Vanguard Energy ETF,Oil & Gas Exploration & Production,"$3,785.07",14.00%,1231291,$59.12,1.04%, 
PBW,Invesco WilderHill Clean Energy ETF,Clean Energy,"$3,406.61",25.61%,798976,$129.87,-0.14%, 
QCLN,First Trust NASDAQ Clean Edge Green Energy Index Fund,Clean Energy,"$3,194.74",20.43%,930735,$84.58,0.51%, 
XOP,SPDR S&P Oil & Gas Exploration & Production ETF,Oil & Gas Exploration & Production,"$2,674.42",19.68%,8605837,$70.01,0.30%, 
AMJ,JPMorgan Alerian MLP Index ETN,MLP,"$1,787.90",10.22%,1357737,$15.31,0.79%, 
EMLP,First Trust North American Energy Infrastructure Fund,MLP,"$1,758.81",4.34%,607711,$21.88,0.51%, 
ACES,ALPS Clean Energy ETF,Clean Energy,"$1,146.24",21.80%,170603,$97.62,0.89%, 
IXC,iShares Global Energy ETF,Oil & Gas Exploration & Production,"$1,129.31",8.37%,1123217,$22.01,0.78%, 
OIH,VanEck Vectors Oil Services ETF,Oil Equipment & Services,$781.88,14.81%,442610,$176.81,-0.33%, 
MLPA,Global X MLP ETF,MLP,$709.79,6.89%,369452,$29.31,-1.97%, 
FENY,Fidelity MSCI Energy Index ETF,Oil & Gas Exploration & Production,$672.62,13.60%,939856,$11.53,0.87%, 
MLPX,Global X MLP & Energy Infrastructure ETF,MLP,$628.69,7.27%,174732,$28.91,-0.86%, 
GUSH,Direxion Daily S&P Oil & Gas Exploration & Production Bull 2x Shares,Oil & Gas Exploration & Production,$567.46,40.35%,3228551,$53.57,0.45%, 
IYE,iShares U.S. Energy ETF,Oil & Gas Exploration & Production,$547.57,12.25%,2137186,$22.72,0.89%, 
PZD,Invesco Cleantech™ ETF,Cleantech,$509.59,6.10%,49654,$79.71,0.87%, 
ERX,Direxion Daily Energy Bull 2X Shares,Oil & Gas Exploration & Production,$507.99,24.46%,5412376,$17.86,1.77%, 
PBD,Invesco Global Clean Energy ETF,Clean Energy,$488.46,12.09%,261198,$38.95,0.28%, 
FAN,First Trust ISE Global Wind Energy Index Fund,Wind Energy,$483.61,4.76%,319956,$24.41,0.41%, 
ERUS,iShares MSCI Russia ETF,Broad Energy,$454.89,3.16%,183514,$38.47,1.80%, 
CNRG,SPDR S&P Kensho Clean Power ETF,Clean Energy,$410.23,29.37%,70184,$140.10,1.34%, 
TPYP,Tortoise North American Pipeline Fund,Broad Energy,$340.30,6.99%,226781,$18.53,0.76%,
SMOG,VanEck Vectors Low Carbon Energy ETF,Clean Energy,$326.39,10.34%,23913,$182.59,0.38%, 
NRGU,MicroSectors U.S. Big Oil Index 3X Leveraged ETN,Oil & Gas Exploration & Production,$279.26,36.26%,455800,$83.35,1.65%, 
IEO,iShares U.S. Oil & Gas Exploration & Production ETF,Oil & Gas Exploration & Production,$188.85,14.19%,140651,$40.97,0.15%, 
MLPB,ETRACS Alerian MLP Infrastructure Index ETN,MLP,$173.28,7.25%,49938,$12.73,0.47%, 
FXN,First Trust Energy AlphaDEX Fund,Broad Energy,$172.58,12.24%,405233,$8.90,0.11%, 
AMZA,InfraCap MLP ETF,MLP,$170.70,13.84%,130613,$21.15,0.33%, 
ATMP,Barclays ETN+ Select MLP ETN,MLP,$158.92,9.60%,90637,$12.80,0.79%, 
XES,SPDR S&P Oil & Gas Equipment & Services ETF,Oil Equipment & Services,$155.30,17.89%,108314,$52.86,0.17%, 
IEZ,iShares U.S. Oil Equipment & Services ETF,Oil Equipment & Services,$146.07,12.63%,356759,$12.66,-0.24%, 
DIG,ProShares Ultra Oil & Gas,Oil & Gas Exploration & Production,$145.11,24.75%,100521,$90.98,1.80%, 
FCG,First Trust ISE-Revere Natural Gas Index Fund,Natural Gas,$129.93,21.66%,958413,$10.73,-0.09%, 
YLCO,Global X YieldCo & Renewable Energy Income ETF,YieldCos,$111.43,-0.06%,89033,$18.14,-1.14%, 
RYE,Invesco S&P 500® Equal Weight Energy ETF,Oil & Gas Exploration & Production,$88.76,12.07%,66898,$34.84,-0.49%, 
AMUB,ETRACS Alerian MLP Index ETN,MLP,$71.61,9.92%,27010,$9.58,0.52%, 
DRIP,Direxion Daily S&P Oil & Gas Exploration & Production Bear 2x Shares,Oil & Gas Exploration & Production,$61.65,-34.49%,2177578,$17.40,-0.68%, 
FILL,iShares MSCI Global Energy Producers ETF,Oil & Gas Exploration & Production,$61.36,7.04%,40598,$13.98,0.79%, 
ENFR,Alerian Energy Infrastructure ETF,Energy Infrastructure,$44.46,9.69%,41079,$16.07,0.69%, 
PSCE,Invesco S&P SmallCap Energy ETF,Broad Energy,$40.96,29.61%,158695,$5.69,2.15%, 
PXI,Invesco DWA Energy Momentum ETF,Oil & Gas Exploration & Production,$37.10,23.82%,30089,$21.78,1.78%, 
ERY,Direxion Daily Energy Bear 2X Shares,Oil & Gas Exploration & Production,$28.93,-23.94%,647322,$26.31,-1.83%, 
BMLP,Dorsey Wright MLP Index ETN,MLP,$26.26,16.09%,1250,$39.44,1.00%, 
EINC,VanEck Vectors Energy Income ETF,Energy Infrastructure,$25.02,8.86%,5451,$44.69,1.27%, 
MLPR,ETRACS Quarterly Pay 1.5x Leveraged Alerian MLP Index ETN,MLP,$24.48,10.31%,10316,$24.88,1.02%, 
FTXN,First Trust Nasdaq Oil & Gas ETF,Oil & Gas Exploration & Production,$22.31,16.29%,17959,$13.52,0.30%, 
PXE,Invesco Dynamic Energy Exploration & Production ETF,Oil & Gas Exploration & Production,$19.94,19.69%,18865,$12.14,0.50%,
CRAK,VanEck Vectors Oil Refiners ETF,Oil & Gas Exploration & Production,$18.47,5.71%,8370,$26.39,-0.15%, 
NLR,VanEck Vectors Uranium+Nuclear Energy ETF,Nuclear Energy,$18.05,1.86%,1935,$50.11,1.05%, 
NRGD,MicroSectors U.S. Big Oil Index -3X Inverse Leveraged ETN,Oil & Gas Exploration & Production,$17.96,-37.81%,1019295,$3.80,-2.81%, 
DUG,ProShares Ultra Short Oil & Gas,Oil & Gas Exploration & Production,$16.37,-23.86%,191737,$21.95,-1.83%, 
JHME,John Hancock Multi-Factor Energy ETF,Oil & Gas Exploration & Production,$15.90,11.20%,7444,$16.19,0.12%, 
USAI,American Energy Independence ETF,Oil & Gas Exploration & Production,$15.60,8.98%,4713,$19.71,1.13%, 
KWT,iShares MSCI Kuwait ETF,Solar Energy,$15.36,3.45%,4360,$28.28,0.35%, 
PYPE,ETRACS NYSE Pickens Core Midstream Index ETN,Oil & Gas Exploration & Production,$14.87,5.98%,4744,$14.97,0.67%, 
FRAK,VanEck Vectors Unconventional Oil & Gas ETF,Unconventional Oil & Natural Gas,$12.85,16.74%,1705,$89.30,0.33%, 
IMLP,iPath S&P MLP ETN,MLP,$12.23,12.74%,3284,$10.60,1.73%, 
PXJ,Invesco Dynamic Oil & Gas Services ETF,Oil Equipment & Services,$9.90,13.36%,51852,$3.31,-0.60%, 
DDG,Short Oil & Gas ProShares,Oil & Gas Exploration & Production,$2.86,-12.19%,6117,$22.40,-0.84%, 
CHIE,Global X MSCI China Energy ETF,Broad Energy,$2.13,2.58%,3148,$8.64,1.77%, 
XLF,Financial Select Sector SPDR Fund,Broad Financials,"$29,528.10",4.78%,54770088,$30.89,0.03%, 
VFH,Vanguard Financials ETF,Broad Financials,"$7,691.89",5.24%,613705,$76.67,0.18%, 
KBE,SPDR S&P Bank ETF,Banks,"$2,984.33",10.09%,3224817,$46.04,-0.15%, 
KRE,SPDR S&P Regional Banking ETF,Regional Banks,"$2,941.35",13.47%,8536824,$58.95,-0.17%, 
FAS,Direxion Daily Financial Bull 3X Shares,Financial Services,"$2,292.64",12.99%,2497611,$68.70,0.44%, 
KBWB,Invesco KBW Bank ETF,Banks,"$1,878.85",8.79%,955344,$54.81,0.04%, 
IYF,iShares U.S. Financials ETF,Broad Financials,"$1,582.05",3.68%,366535,$69.23,0.16%, 
IYG,iShares U.S. Financial Services ETF,Financial Services,"$1,266.30",4.25%,76263,$156.43,0.00%, 
FINX,Global X FinTech Thematic ETF,Financial Services,"$1,157.51",6.68%,236911,$49.83,2.30%, 
FNCL,Fidelity MSCI Financials Index ETF,Broad Financials,"$1,064.30",5.38%,223825,$44.49,0.20%, 
EUFN,iShares MSCI Europe Financials ETF,Broad Financials,"$1,040.53",1.71%,1532557,$17.84,0.62%, 
FXO,First Trust Financials AlphaDEX Fund,Broad Financials,$766.18,8.34%,199237,$37.14,0.13%, 
UYG,ProShares Ultra Financials,Broad Financials,$623.88,6.78%,69868,$45.18,0.47%, 
IXG,iShares Global Financials ETF,Broad Financials,$370.27,3.87%,43716,$67.62,0.68%, 
KIE,SPDR S&P Insurance ETF,Insurance,$335.62,1.49%,292279,$34.08,0.80%, 
IAT,iShares U.S. Regional Banks ETF,Regional Banks,$320.95,10.34%,131790,$50.03,-0.24%, 
KBWD,Invesco KBW High Dividend Yield Financial ETF,Broad Financials,$313.84,7.80%,155552,$17.73,1.20%, 
BIZD,VanEck Vectors BDC Income ETF,Business Development Company,$313.40,8.89%,227333,$14.95,1.36%, 
KBWP,Invesco KBW Property & Casualty Insurance ETF,Insurance,$256.53,-0.21%,22024,$68.14,0.61%, 
DPST,Direxion Daily Regional Banks Bull 3X Shares,Regional Banks,$253.28,40.28%,408167,$168.50,-0.48%, 
IAI,iShares US Broker-Dealers ETF,Broker-Dealers,$205.06,7.32%,33633,$85.36,0.64%, 
PSP,Invesco Global Listed Private Equity ETF,Private Equity,$198.88,6.90%,83390,$14.41,0.98%, 
RYF,Invesco S&P 500® Equal Weight Financials ETF,Broad Financials,$186.08,5.44%,51079,$50.62,0.14%, 
FAZ,Direxion Daily Financial Bear 3X Shares,Financial Services,$181.85,-16.18%,4081670,$6.06,-0.49%, 
DFNL,Davis Select Financial ETF,Broad Financials,$160.61,5.54%,13716,$25.18,0.76%, 
GREK,Global X FTSE Greece 20 ETF,Broad Financials,$147.25,-6.13%,87578,$23.90,1.10%, 
PHDG,Invesco S&P 500® Downside Hedged ETF,Broad Financials,$145.49,4.54%,55703,$34.57,0.26%, 
FTXO,First Trust Nasdaq Bank ETF,Banks,$137.80,14.48%,78054,$27.22,0.00%, 
QABA,First Trust NASDAQ ABA Community Bank Index,Community Banks,$95.58,9.83%,25349,$49.17,0.16%, 
IAK,iShares U.S. Insurance ETF,Insurance,$63.74,2.03%,4467,$68.87,0.32%, 
KCE,SPDR S&P Capital Markets ETF,Capital Markets,$56.50,5.30%,12733,$79.30,0.53%, 
BNKU,MicroSectors U.S. Big Banks Index 3x Leveraged ETN,Broad Financials,$54.90,17.19%,130217,$29.93,0.44%, 
CHIX,Global X MSCI China Financials ETF,Broad Financials,$53.99,4.02%,70587,$16.03,1.07%, 
BDCZ,ETRACS Wells Fargo Business Development Company Index ETN,Business Development Company,$48.33,5.84%,20459,$17.18,1.66%, 
KBWR,Invesco KBW Regional Banking ETF,Regional Banks,$47.23,12.58%,10390,$53.25,-0.19%, 
PFI,Invesco DWA Financial Momentum ETF,Broad Financials,$40.95,7.82%,9610,$46.43,0.78%, 
PSCF,Invesco S&P SmallCap Financials ETF,Broad Financials,$31.51,6.59%,4954,$52.17,0.17%, 
BDCX,ETRACS Quarterly Pay 1.5x Leveraged Wells Fargo BDC Index ETN,Business Development Company,$31.42,8.77%,21843,$32.38,2.31%, 
JHMF,John Hancock Multi-Factor Financials ETF,Broad Financials,$29.89,4.03%,2349,$43.17,0.28%, 
ZIG,Acquirers Fund,Broad Financials,$25.70,5.37%,6446,$24.24,0.50%, 
VPC,Virtus Private Credit Strategy ETF,Broad Financials,$23.07,10.64%,7598,$22.36,0.90%, 
PEX,ProShares Global Listed Private Equity ETF,Private Equity,$20.97,6.38%,1673,$34.03,1.92%, 
SKF,ProShares Ultra Short Financials,Broad Financials,$20.13,-7.78%,53029,$14.57,-0.48%, 
SEF,Short Financials ProShares,Broad Financials,$15.30,-3.90%,31252,$15.34,-0.13%, 
BNKD,MicroSectors U.S. Big Banks Index -3x Inverse Leveraged ETN,Broad Financials,$15.03,-23.48%,41454,$3.03,-0.66%, 
IEFN,iShares Evolved U.S. Financials ETF,Broad Financials,$5.19,4.63%,1940,$26.57,0.26%, 
VFIN,Simplify Volt Fintech Disruption ETF,Broad Financials,$3.65,9.68%,N/A,$13.40,-0.52%, 
INDF,Nifty India Financials ETF,Broad Financials,$3.33,8.78%,3621,$34.18,1.00%, 
LEND,Amplify CrowdBureau Peer-to-Peer Lending & Crowdfunding ETF,Broad Financials,$0.79,18.33%,1356,$16.41,1.48%,
XLV,Health Care Select Sector SPDR Fund,Broad Healthcare,"$25,010.40",1.97%,8540330,$115.67,0.18%, 
VHT,Vanguard Healthcare ETF,Broad Healthcare,"$13,891.20",4.15%,268503,$233.02,0.48%, 
ARKG,ARK Genomic Revolution ETF,Biotechnology,"$11,614.70",16.78%,4479489,$108.90,-0.03%, 
IBB,iShares Nasdaq Biotechnology ETF,Biotechnology,"$10,914.20",11.59%,2836776,$169.05,1.76%, 
IHI,iShares U.S. Medical Devices ETF,Medical Devices,"$8,797.70",4.15%,217613,$340.88,1.10%, 
XBI,SPDR S&P Biotech ETF,Biotechnology,"$8,465.68",18.47%,4942429,$166.78,2.46%, 
FHLC,Fidelity MSCI Health Care Index ETF,Broad Healthcare,"$2,576.69",4.10%,223022,$60.12,0.60%, 
IYH,iShares U.S. Healthcare ETF,Broad Healthcare,"$2,567.18",3.32%,38429,$254.08,0.55%, 
IXJ,iShares Global Healthcare ETF,Broad Healthcare,"$2,531.55",1.20%,132510,$77.37,0.22%, 
FBT,First Trust Amex Biotechnology Index,Biotechnology,"$2,157.27",8.62%,61541,$182.47,1.37%, 
FXH,First Trust Health Care AlphaDEX Fund,Broad Healthcare,"$1,448.71",3.41%,67635,$111.45,0.33%, 
IHF,iShares U.S. Healthcare Providers ETF,Healthcare Services,"$1,157.14",2.68%,30397,$240.96,-0.53%, 
PTH,Invesco DWA Healthcare Momentum ETF,Broad Healthcare,$824.12,11.87%,47321,$179.06,1.62%, 
EDOC,Global X Telemedicine & Digital Health ETF,Broad Healthcare,$804.29,12.71%,457573,$21.73,0.79%, 
XHE,SPDR S&P Health Care Equipment ETF,Medical Devices,$782.21,9.94%,32603,$125.15,1.81%, 
RYH,Invesco S&P 500® Equal Weight Health Care ETF,Broad Healthcare,$776.16,2.58%,7692,$268.33,0.04%, 
PSCH,Invesco S&P SmallCap Health Care ETF,Broad Healthcare,$529.27,12.77%,13871,$191.58,1.62%, 
BBH,VanEck Vectors Biotech ETF,Biotechnology,$521.31,13.68%,17206,$192.91,1.62%, 
LABU,Direxion Daily S&P Biotech Bull 3x Shares,Biotechnology,$433.86,61.80%,952613,$162.50,7.85%, 
PJP,Invesco Dynamic Pharmaceuticals ETF,Pharmaceutical,$376.36,12.58%,19671,$80.38,1.70%, 
IHE,iShares U.S. Pharmaceuticals ETF,Pharmaceutical,$362.32,1.97%,13819,$182.97,0.43%, 
YOLO,AdvisorShares Pure Cannabis ETF,Broad Healthcare,$335.85,53.24%,463427,$26.05,0.70%, 
XPH,SPDR S&P Pharmaceuticals ETF,Pharmaceutical,$295.58,4.07%,59060,$54.18,0.46%, 
PBE,Invesco Dynamic Biotechnology & Genome ETF,Biotechnology,$294.95,15.33%,8316,$80.88,3.11%, 
SBIO,ALPS Medical Breakthroughs ETF,Biotechnology,$292.69,19.52%,28198,$61.23,2.41%,
IDNA,iShares Genomics Immunology and Healthcare ETF,Biotechnology,$282.42,16.02%,77783,$53.30,1.37%, 
BIB,ProShares Ultra Nasdaq Biotechnology,Biotechnology,$271.51,23.93%,128603,$106.98,3.37%, 
PPH,VanEck Vectors Pharmaceutical ETF,Pharmaceutical,$243.61,4.17%,38654,$69.24,-0.03%, 
KURE,KraneShares MSCI All China Health Care Index ETF,Pharmaceutical,$217.63,12.70%,82011,$44.01,1.92%, 
HTEC,ROBO Global Healthcare Technology and Innovation ETF,Broad Healthcare,$187.06,14.48%,65952,$50.05,1.73%, 
BTEC,Principal Healthcare Innovators Index ETF,Biotechnology,$171.15,16.55%,21260,$68.44,2.12%, 
GNOM,Global X Genomics & Biotechnology ETF,Biotechnology,$167.70,14.44%,105448,$27.03,1.81%, 
XHS,SPDR S&P Health Care Services ETF,Healthcare Services,$140.73,11.06%,12408,$107.47,0.79%, 
CURE,Direxion Daily Healthcare Bull 3x Shares,Broad Healthcare,$139.40,5.23%,72810,$81.05,0.68%, 
RXL,ProShares Ultra Health Care,Broad Healthcare,$120.79,6.57%,6702,$80.66,1.07%, 
LABD,Direxion Daily S&P Biotech Bear 3x Shares,Biotechnology,$119.99,-43.29%,1905568,$14.33,-7.55%, 
POTX,Global X Cannabis ETF,Pharmaceutical,$115.43,85.35%,298659,$18.35,-1.50%, 
CNBS,Amplify Seymour Cannabis ETF,Broad Healthcare,$72.98,67.28%,116810,$29.19,0.59%, 
GERM,ETFMG Treatments Testing and Advancements ETF,Broad Healthcare,$64.42,36.55%,44386,$42.47,1.92%, 
LNGR,Global X Longevity Thematic ETF,Broad Healthcare,$55.94,4.73%,9035,$29.24,0.69%, 
BBC,Virtus LifeSci Biotech Clinical Trials ETF,Biotechnology,$53.79,19.48%,9659,$59.25,3.48%, 
JHMH,John Hancock Multi-Factor Health Care ETF,Broad Healthcare,$52.71,3.57%,5251,$44.76,0.40%, 
MJJ,Indxx MicroSectors Cannabis ETN,Pharmaceutical,$51.54,26.85%,646,$85.86,-0.37%, 
VMOT,Alpha Architect Value Momentum Trend ETF,Healthcare Services,$51.54,8.47%,9000,$28.31,1.25%, 
CNCR,Loncar Cancer Immunotherapy ETF,Biotechnology,$51.44,10.80%,10673,$35.14,1.36%, 
IEIH,iShares Evolved U.S. Innovative Healthcare ETF,Biotechnology,$35.52,7.09%,10456,$34.66,1.43%, 
BBP,Virtus LifeSci Biotech Products ETF,Biotechnology,$32.21,13.48%,1184,$60.38,2.08%, 
MJO,Indxx MicroSectors Cannabis 2X Leveraged ETN,Pharmaceutical,$25.05,58.23%,3167,$124.87,-1.37%, 
IEHS,iShares Evolved U.S. Healthcare Staples ETF,Broad Healthcare,$21.05,3.20%,6886,$38.60,0.39%, 
FTXH,First Trust Nasdaq Pharmaceuticals ETF,Pharmaceutical,$19.81,3.53%,9043,$26.68,0.45%,
CHIH,Global X MSCI China Health Care ETF,Pharmaceutical,$17.04,16.37%,11203,$31.03,1.31%, 
PILL,Direxion Daily Pharmaceutical & Medical Bull 3X Shares,Pharmaceutical,$16.54,11.29%,35037,$28.20,1.00%, 
CHNA,Loncar China BioPharma ETF,Pharmaceutical,$15.11,22.34%,4311,$39.83,0.58%, 
HELX,Franklin Genomic Advancements ETF,Broad Healthcare,$12.39,14.75%,5838,$50.82,1.36%, 
BIS,ProShares UltraShort Nasdaq Biotechnology,Biotechnology,$9.84,-20.83%,65078,$18.64,-3.27%, 
IBBJ,Defiance Nasdaq Junior Biotechnology ETF,Biotechnology,$9.52,14.40%,8513,$39.40,2.20%, 
KMED,KraneShares Emerging Market Healthcare Index ETF,Broad Healthcare,$7.51,5.75%,3867,$38.24,1.49%, 
BMED,BlackRock Future Health ETF,Broad Healthcare,$7.42,5.78%,2681,$31.81,1.69%, 
CHB,Global X China Biotech Innovation ETF,Pharmaceutical,$3.72,15.18%,5949,$18.84,1.24%, 
RXD,ProShares Ultra Short Health Care,Broad Healthcare,$1.45,-7.10%,2768,$8.86,-1.23%,
XLI,Industrial Select Sector SPDR Fund,Broad Industrials,"$15,980.10",0.50%,10956982,$88.99,0.59%, 
VIS,Vanguard Industrial ETF,Broad Industrials,"$4,125.83",2.44%,185538,$174.13,0.54%, 
JETS,U.S. Global Jets ETF,Airlines,"$2,948.23",2.99%,6189092,$23.05,0.70%, 
ITA,iShares U.S. Aerospace & Defense ETF,Aerospace & Defense,"$2,742.89",1.34%,330754,$95.99,-0.38%, 
IYT,iShares Transportation Average ETF,Transportation,"$1,619.76",2.18%,165976,$225.34,0.68%, 
PHO,Invesco Water Resources ETF,Water,"$1,385.19",4.87%,84586,$48.71,0.60%, 
IYJ,iShares U.S. Industrials ETF,Broad Industrials,"$1,305.11",1.56%,103359,$98.61,0.50%, 
XAR,SPDR S&P Aerospace & Defense ETF,Aerospace & Defense,"$1,298.07",6.29%,92116,$121.96,0.22%, 
FXR,First Trust Industrials/Producer Durables AlphaDEX Fund,Broad Industrials,"$1,222.34",4.54%,459694,$52.46,1.29%, 
FTXR,First Trust Nasdaq Transportation ETF,Transportation,$888.03,7.99%,213110,$30.30,1.13%, 
CGW,Invesco S&P Global Water Index ETF,Water,$853.76,3.78%,55748,$48.57,0.41%, 
FIW,First Trust ISE Water Index Fund,Water,$745.12,5.13%,48854,$75.82,0.93%, 
PPA,Invesco Aerospace & Defense ETF,Broad Industrials,$680.25,0.71%,46917,$68.35,0.03%, 
FIDU,Fidelity MSCI Industrials Index ETF,Broad Industrials,$600.49,2.25%,128141,$48.07,0.50%, 
XTN,SPDR S&P Transportation ETF,Transportation,$474.87,5.04%,86962,$74.97,0.35%, 
RGI,Invesco S&P 500® Equal Weight Industrials ETF,Broad Industrials,$419.04,0.68%,47384,$159.07,0.65%, 
EXI,iShares S&P Global Industrials ETF,Broad Industrials,$416.92,1.34%,31705,$108.16,0.76%, 
DFEN,Direxion Daily Aerospace & Defense Bull 3X Shares,Aerospace & Defense,$275.97,1.66%,2676437,$17.19,-1.04%, 
PIO,Invesco Global Water ETF,Water,$242.48,2.43%,17648,$35.78,0.42%, 
HAIL,SPDR S&P Smart Mobility ETF,Transportation,$213.98,22.44%,102298,$67.17,0.13%, 
PRN,Invesco DWA Industrials Momentum ETF,Broad Industrials,$212.77,13.36%,28935,$105.38,0.80%, 
AWAY,ETFMG Travel Tech ETF,Transportation,$101.41,12.90%,120757,$29.24,3.69%, 
AIRR,First Trust RBA American Industrial Renaissance ETF,Broad Industrials,$88.47,9.00%,23098,$36.99,0.65%, 
PSCI,Invesco S&P SmallCap Industrials ETF,Broad Industrials,$62.92,8.16%,4930,$86.24,1.13%, 
HDGE,AdvisorShares Ranger Equity Bear ETF,Broad Industrials,$52.16,-14.52%,711636,$2.59,-0.38%,
TPOR,Direxion Daily Transportation Bull 3X Shares,Transportation,$46.53,5.10%,104141,$26.80,2.17%, 
JHMI,John Hancock Multi-Factor Industrials ETF,Broad Industrials,$44.52,2.05%,2411,$45.28,0.73%, 
EVX,VanEck Vectors Environmental Services ETF,Environmental Services,$40.94,2.57%,1694,$123.36,0.78%, 
DUSL,Direxion Daily Industrials Bull 3X Shares,Broad Industrials,$37.35,-0.41%,91883,$29.01,1.61%, 
EBLU,Ecofin Global Water ESG Fund,Water,$28.26,2.68%,5908,$40.91,0.61%, 
UXI,ProShares Ultra Industrials,Broad Industrials,$22.33,2.47%,1910,$103.08,0.96%, 
BDRY,Breakwave Dry Bulk Shipping ETF,Shipping,$21.47,32.99%,99325,$10.24,4.38%, 
FITE,SPDR S&P Future Security ETF,Aerospace & Defense,$20.64,6.55%,5598,$49.31,0.80%, 
ROKT,SPDR S&P Kensho Final Frontiers ETF,Broad Industrials,$18.80,4.56%,8165,$40.58,-0.02%, 
RFEU,First Trust RiverFront Dynamic Europe ETF,Broad Industrials,$16.55,1.87%,828,$66.12,-0.30%, 
AMER,Emles Made in America ETF,Manufacturing,$11.48,3.83%,9357,$27.34,0.55%, 
MOTO,SmartETFs Smart Transportation & Technology ETF,Transportation,$11.02,9.56%,4922,$44.64,0.79%, 
CHII,Global X MSCI China Industrials ETF,Broad Industrials,$2.50,9.87%,1957,$16.37,-0.43%, 
SIJ,ProShares Ultra Short Industrials,Broad Industrials,$1.06,-4.06%,2470,$9.65,-1.03%,
GDX,VanEck Vectors Gold Miners ETF,Gold Miners,"$15,231.60",-3.91%,25320192,$34.61,2.28%, 
XLB,Materials Select Sector SPDR ETF,Broad Materials,"$6,544.49",1.57%,6390422,$73.53,1.72%, 
GDXJ,VanEck Vectors Junior Gold Miners ETF,Gold Miners,"$5,615.60",-7.13%,7857503,$50.37,1.92%, 
GUNR,FlexShares Morningstar Global Upstream Natural Resources Index Fund,Natural Resources,"$3,616.02",5.99%,567640,$34.49,1.59%, 
LIT,Global X Lithium ETF,Lithium,"$2,902.51",9.31%,1201435,$67.65,-0.46%, 
VAW,Vanguard Materials ETF,Broad Materials,"$2,618.21",1.87%,119952,$159.90,1.67%, 
ITB,iShares U.S. Home Construction ETF,Homebuilders,"$2,177.13",12.96%,3101595,$63.03,2.76%, 
GNR,SPDR S&P Global Natural Resources ETF,Natural Resources,"$1,558.70",5.07%,265578,$47.05,1.51%, 
XHB,SPDR S&P Homebuilders ETF,Homebuilders,"$1,397.84",10.36%,2242756,$63.61,1.82%, 
SIL,Global X Silver Miners ETF,Silver Miners,"$1,217.36",-3.64%,642695,$43.96,2.38%, 
NUGT,Direxion Daily Gold Miners Bull 2X Shares,Gold Miners,"$1,058.77",-9.37%,2860594,$62.90,4.66%, 
XME,SPDR S&P Metals & Mining ETF,Metals & Mining,$957.12,3.26%,2968336,$34.53,2.22%, 
MOO,VanEck Vectors Agribusiness ETF,Agribusiness,$903.77,7.18%,144535,$83.48,1.18%, 
SILJ,ETFMG Prime Junior Silver ETF,Silver Miners,$735.55,-4.41%,1833538,$15.59,3.04%, 
PICK,iShares MSCI Global Select Metals & Mining Producers ETF,Metals & Mining,$689.97,4.18%,292043,$38.39,1.83%, 
JNUG,Direxion Daily Junior Gold Miners Index Bull 2x Shares,Gold Miners,$653.50,-16.08%,1274478,$101.17,3.69%, 
MXI,iShares Global Materials ETF,Broad Materials,$633.55,2.19%,53508,$83.19,1.34%, 
IYM,iShares U.S. Basic Materials ETF,Broad Materials,$624.38,2.42%,177949,$116.15,1.80%, 
REMX,VanEck Vectors Rare Earth/Strategic Metals ETF,Metals & Mining,$499.26,16.07%,239363,$76.40,-3.72%, 
RING,iShares MSCI Global Gold Miners ETF,Gold Miners,$462.66,-2.68%,172689,$29.02,2.58%, 
RTM,Invesco S&P 500® Equal Weight Materials ETF,Broad Materials,$462.43,3.19%,36389,$143.85,1.52%, 
NANR,SPDR S&P North American Natural Resources ETF,Natural Resources,$449.44,6.78%,29203,$35.38,2.02%, 
COPX,Global X Copper Miners ETF,Copper Miners,$354.84,5.27%,270105,$31.96,2.21%, 
NAIL,Direxion Daily Homebuilders & Supplies Bull 3X Shares,Homebuilders,$347.59,41.03%,857600,$65.10,8.05%, 
IGE,iShares North American Natural Resources ETF,Natural Resources,$341.87,7.64%,241032,$25.07,1.25%,
WOOD,iShares Global Timber & Forestry ETF,Timber,$315.15,4.40%,33356,$83.12,1.23%, 
FMAT,Fidelity MSCI Materials Index ETF,Broad Materials,$296.50,1.94%,88792,$40.90,1.61%, 
URA,Global X Uranium ETF,Uranium,$279.34,6.33%,395776,$16.30,3.62%, 
SLVP,iShares MSCI Global Silver Miners ETF,Silver Miners,$273.85,-4.15%,299506,$16.39,2.69%, 
SGDM,Sprott Gold Miners ETF,Gold Miners,$250.35,-4.55%,45576,$29.16,1.99%, 
FXZ,First Trust Materials AlphaDEX Fund,Broad Materials,$219.09,3.91%,66929,$49.97,1.05%, 
PKB,Invesco Dynamic Building & Construction ETF,Homebuilders,$200.17,10.76%,39611,$45.59,2.01%, 
GRID,First Trust NASDAQ Clean Edge Smart Grid Infrastructure Index Fund,Electric Energy Infrastructure,$198.23,4.83%,34183,$84.91,0.45%, 
SGDJ,Sprott Junior Gold Miners ETF,Gold Miners,$130.00,-6.23%,37049,$46.19,2.19%, 
GOAU,US Global GO GOLD and Precious Metal Miners ETF,Gold Miners,$101.76,-4.32%,65513,$19.04,2.20%, 
DUST,Direxion Daily Gold Miners Bear 2X Shares,Gold Miners,$100.12,3.27%,3542573,$20.55,-4.29%, 
CUT,Invesco MSCI Global Timber ETF,Timber,$92.26,2.75%,16546,$34.49,1.14%, 
JDST,Direxion Daily Junior Gold Miners Index Bear 2X Shares,Gold Miners,$85.63,7.08%,5522726,$10.44,-4.04%, 
BATT,Amplify Advanced Battery Metals and Materials ETF,Metals & Mining,$80.64,12.27%,174729,$17.75,-0.62%, 
SLX,VanEck Vectors Steel ETF,Steel,$77.38,3.23%,49087,$46.07,2.13%, 
GOEX,Global X Gold Explorers ETF,Gold Miners,$65.96,-6.41%,22568,$32.85,2.56%, 
URNM,North Shore Global Uranium Mining ETF,Uranium,$63.45,10.12%,43329,$47.24,4.86%, 
PYZ,Invesco DWA Basic Materials Momentum ETF,Broad Materials,$63.22,4.64%,13659,$74.88,1.97%, 
HOMZ,Hoya Capital Housing ETF,Homebuilders,$56.36,8.35%,10654,$35.01,1.30%, 
HAP,VanEck Vectors Natural Resources ETF,Hard Assets Producers,$54.76,6.82%,5289,$41.20,1.38%, 
UYM,ProShares Ultra Basic Materials,Broad Materials,$44.09,3.59%,5960,$75.31,3.52%, 
VEGI,iShares MSCI Global Agriculture Producers ETF,Agribusiness,$41.79,8.68%,11540,$37.09,0.46%, 
SIMS,SPDR S&P Kensho Intelligent Structures ETF,Electric Energy Infrastructure,$33.86,7.46%,13452,$45.25,1.16%, 
JHMA,John Hancock Multi-Factor Materials ETF,Broad Materials,$26.64,2.23%,910,$40.86,1.62%, 
GRES,IQ Global Resources ETF,Natural Resources,$20.95,2.02%,6786,$26.29,0.69%,
PSCM,Invesco S&P SmallCap Materials ETF,Broad Materials,$17.09,6.04%,4600,$60.65,1.20%, 
FTRI,First Trust Indxx Global Natural Resources Income ETF,Natural Resources,$9.09,4.47%,9103,$12.37,1.31%, 
FLM,First Trust ISE Global Engineering and Construction ETF,Engineering & Construction,$7.62,4.88%,1781,$51.64,1.53%, 
FTAG,First Trust Indxx Global Agriculture ETF,Agribusiness,$3.94,8.90%,2116,$28.75,1.02%, 
CHIM,Global X MSCI China Materials ETF,Broad Materials,$3.64,9.35%,3335,$23.75,-1.12%, 
SMN,ProShares Ultra Short Basic Materials,Broad Materials,$2.17,-6.21%,3687,$9.59,-3.23%, 
JGLD,Amplify Pure Junior Gold Miners ETF,Gold Miners,$2.00,-4.32%,N/A,$26.74,2.26%, 
SBM,ProShares Short Basic Materials,Broad Materials,$1.22,-2.95%,362,$12.01,-1.80%, 
INFL,Inflation Beneficiaries ETF,Broad Materials,$0.00,N/A,N/A,$25.45,0.71%, 
GDXD,MicroSectors Gold Miners -3X Inverse Leveraged ETN,Gold Miners,$0.00,3.01%,N/A,$23.04,-6.68%, 
GDXU,MicroSectors Gold Miners 3X Leveraged ETN,Gold Miners,$0.00,-17.32%,N/A,$20.95,7.44%,
VNQ,Vanguard Real Estate Index Fund,Broad Real Estate,"$32,997.80",3.74%,4724865,$88.11,0.35%, 
VNQI,Vanguard Global ex-U.S. Real Estate Index Fund ETF,Broad Real Estate,"$4,965.25",-0.39%,494067,$54.10,0.95%, 
IYR,iShares U.S. Real Estate ETF,Broad Real Estate,"$4,847.00",3.02%,6163482,$88.24,0.19%, 
SCHH,Schwab US REIT ETF,Broad Real Estate,"$4,823.39",3.27%,555225,$39.21,0.41%, 
REET,iShares Global REIT ETF,Broad Real Estate,"$2,551.61",2.13%,590609,$24.44,0.41%, 
XLRE,Real Estate Select Sector SPDR Fund,Broad Real Estate,"$2,251.57",3.77%,4025084,$37.94,0.34%, 
ICF,iShares Cohen & Steers REIT ETF,Broad Real Estate,"$1,967.92",2.91%,148559,$55.45,0.45%, 
USRT,iShares Core U.S. REIT ETF,Broad Real Estate,"$1,623.43",3.51%,201716,$50.11,0.48%, 
RWO,SPDR DJ Wilshire Global Real Estate ETF,Broad Real Estate,"$1,588.72",1.78%,137254,$45.25,0.58%, 
RWR,SPDR Dow Jones REIT ETF,Broad Real Estate,"$1,381.08",3.32%,148821,$89.58,0.36%, 
REM,iShares Mortgage Real Estate ETF,Mortgage REITs,"$1,325.14",3.80%,670294,$33.07,1.16%, 
FREL,Fidelity MSCI Real Estate Index ETF,Broad Real Estate,"$1,230.11",3.74%,384460,$26.33,0.42%, 
SRVR,Pacer Benchmark Data & Infrastructure Real Estate SCTR ETF,Broad Real Estate,"$1,084.23",3.71%,316060,$37.18,0.81%, 
BBRE,JPMorgan BetaBuilders MSCI US REIT ETF,Broad Real Estate,$955.07,3.63%,78456,$82.02,0.55%, 
RWX,SPDR DJ Wilshire International Real Estate ETF,Broad Real Estate,$904.01,-0.41%,380683,$33.95,0.59%, 
REZ,iShares Residential Real Estate ETF,Residential Real Estate,$427.27,2.80%,42005,$69.75,0.33%, 
SRET,Global X SuperDividend REIT ETF,Broad Real Estate,$385.95,3.37%,436176,$9.14,0.88%, 
HAUZ,Xtrackers International Real Estate ETF,Broad Real Estate,$348.75,0.15%,55494,$26.77,0.79%, 
GQRE,FlexShares Global Quality Real Estate Index Fund,Broad Real Estate,$286.26,1.94%,15129,$58.68,0.27%, 
MORT,VanEck Vectors Mortgage REIT Income ETF,Mortgage REITs,$252.27,4.48%,186524,$17.50,1.16%, 
IFGL,iShares International Developed Real Estate ETF,Broad Real Estate,$248.80,-0.48%,58189,$27.04,0.45%, 
KBWY,Invesco KBW Premium Yield Equity REIT ETF,Broad Real Estate,$209.03,3.46%,115765,$21.30,0.76%, 
INDS,Pacer Benchmark Industrial Real Estate SCTR ETF,Industrial/Office Real Estate,$146.91,4.02%,38770,$38.28,0.90%, 
VRAI,Virtus Real Asset Income ETF,Broad Real Estate,$123.94,3.31%,11483,$23.58,0.73%, 
PPTY,PPTY - U.S. Diversified Real Estate ETF,Broad Real Estate,$117.68,3.14%,10887,$29.93,0.61%, 
PSR,Invesco Active U.S. Real Estate Fund,Broad Real Estate,$90.27,2.84%,7271,$89.33,0.44%, 
URE,ProShares Ultra Real Estate,Broad Real Estate,$87.95,5.91%,18170,$65.82,0.75%, 
WPS,iShares International Property ETF,Broad Real Estate,$81.68,-0.15%,9911,$35.61,0.62%, 
DRN,Direxion Daily Real Estate Bull 3x Shares,Broad Real Estate,$78.25,10.53%,371433,$13.96,1.38%, 
FRI,First Trust S&P REIT Index Fund,Broad Real Estate,$71.36,3.14%,17087,$23.96,0.21%, 
DRW,WisdomTree Global ex-US Real Estate Fund,Broad Real Estate,$70.30,-0.37%,13662,$25.55,0.91%, 
NETL,NETLease Corporate Real Estate ETF,Broad Real Estate,$60.67,1.83%,18897,$26.48,0.57%, 
ROOF,IQ US Real Estate Small Cap ETF,Broad Real Estate,$44.31,5.35%,9756,$22.60,0.71%, 
FFR,First Trust FTSE EPRA/NAREIT Developed Markets Real Estate Index Fund,Broad Real Estate,$30.56,1.32%,2759,$44.41,0.18%, 
RDOG,ALPS REIT Dividend Dogs ETF,Broad Real Estate,$27.10,3.34%,2132,$42.30,0.67%, 
NURE,Nuveen Short-Term REIT ETF,Broad Real Estate,$24.79,2.95%,3387,$27.77,0.18%, 
SRS,ProShares Ultra Short Real Estate,Broad Real Estate,$24.55,-7.10%,129668,$11.51,-0.69%, 
OLD,The Long-Term Care ETF,Broad Real Estate,$24.22,2.96%,4902,$30.59,0.13%, 
REC,Emles Real Estate Credit ETF,Broad Real Estate,$23.99,-0.79%,5608,$25.30,0.00%, 
DRV,Direxion Daily Real Estate Bear 3x Shares,Broad Real Estate,$23.75,-12.24%,149400,$9.03,-1.31%, 
EWRE,Invesco S&P 500® Equal Weight Real Estate ETF,Broad Real Estate,$22.41,3.83%,6289,$30.24,0.50%, 
BLDG,Cambria Global Real Estate ETF,Broad Real Estate,$13.32,3.49%,3765,$29.92,0.44%, 
LIV,Emles @ Home ETF,Residential Real Estate,$11.61,6.65%,8968,$27.85,1.16%, 
REK,ProShares Short Real Estate,Broad Real Estate,$10.54,-3.60%,20533,$11.00,-0.45%, 
CHIR,Global X MSCI China Real Estate ETF,Broad Real Estate,$7.00,-0.35%,3608,$15.73,2.14%,
QQQ,Invesco QQQ,Broad Technology,"$155,661.00",5.62%,31076686,$331.36,0.34%, 
VGT,Vanguard Information Technology ETF,Broad Technology,"$42,225.40",4.78%,551233,$370.70,0.02%, 
XLK,Technology Select Sector SPDR Fund,Broad Technology,"$38,627.20",4.08%,7035571,$135.32,-0.22%, 
ARKK,ARK Innovation ETF,Broad Technology,"$24,846.00",20.06%,5483695,$149.46,0.75%, 
FDN,First Trust Dow Jones Internet Index,Internet,"$10,962.90",11.25%,405422,$236.10,1.80%, 
ARKW,ARK Next Generation Internet ETF,Internet,"$7,435.46",20.11%,1323608,$175.80,1.24%, 
IYW,iShares U.S. Technology ETF,Broad Technology,"$7,134.23",6.88%,431611,$90.93,0.36%, 
SKYY,First Trust ISE Cloud Computing Index Fund,Software,"$6,505.19",13.02%,402659,$107.40,1.52%, 
IGV,iShares Expanded Tech-Software Sector ET,Software,"$6,024.57",6.51%,813168,$377.16,1.67%, 
SOXX,iShares PHLX Semiconductor ETF,Semiconductors,"$5,486.33",6.97%,601541,$405.61,-0.68%, 
FTEC,Fidelity MSCI Information Technology Index ETF,Broad Technology,"$5,474.86",4.84%,291783,$109.57,0.06%, 
IXN,iShares Global Tech ETF,Broad Technology,"$5,126.48",4.83%,86298,$314.54,-0.08%, 
KWEB,KraneShares CSI China Internet ETF,Internet,"$4,420.87",24.60%,1901856,$95.68,1.24%, 
SMH,VanEck Vectors Semiconductor ETF,Semiconductors,"$4,406.34",7.69%,2753946,$235.21,-0.73%, 
CIBR,First Trust NASDAQ CEA Cybersecurity ETF,Internet Architecture,"$3,494.81",2.25%,745960,$45.38,0.18%, 
QTEC,First Trust NASDAQ 100 Technology,Broad Technology,"$3,373.07",5.98%,138975,$146.33,0.26%, 
XT,iShares Exponential Technologies ETF,Broad Technology,"$3,299.29",5.43%,210816,$60.35,0.47%, 
IGM,iShares Expanded Tech Sector ETF,Broad Technology,"$3,286.30",5.79%,33824,$370.10,0.61%, 
SOXL,Direxion Daily Semiconductor Bull 3x Shares,Semiconductors,"$3,018.19",18.08%,736179,$550.84,-2.17%, 
FXL,First Trust Technology AlphaDEX Fund,Broad Technology,"$2,664.18",6.25%,137510,$118.81,1.10%, 
RYT,Invesco S&P 500® Equal Weight Technology ETF,Broad Technology,"$2,417.48",3.38%,40473,$262.11,0.04%, 
HACK,ETFMG Prime Cyber Security ETF,Software,"$2,163.96",6.81%,272724,$61.48,0.62%, 
ROBO,ROBO Global Robotics and Automation Index ETF,Broad Technology,"$1,986.11",12.78%,184802,$68.67,1.07%, 
EMQQ,Emerging Markets Internet & Ecommerce ETF,Internet,"$1,947.54",19.33%,346051,$75.87,1.25%, 
TECL,Direxion Daily Technology Bull 3X Shares,Broad Technology,"$1,903.78",10.69%,281378,$450.00,-0.47%,
CQQQ,Invesco China Technology ETF,Broad Technology,"$1,738.93",19.43%,262706,$98.33,0.55%, 
CLOU,Global X Cloud Computing ETF,Software,"$1,604.42",5.91%,1408611,$29.55,1.37%, 
TDIV,First Trust NASDAQ Technology Dividend Index Fund,Broad Technology,"$1,407.68",5.07%,81060,$51.98,0.06%, 
WCLD,WisdomTree Cloud Computing Fund,Cloud Computing,"$1,383.60",9.56%,448083,$58.70,1.87%, 
IPAY,ETFMG Prime Mobile Payments ETF,Broad Technology,"$1,088.99",2.63%,138438,$68.27,0.57%, 
FIVG,Defiance Next Gen Connectivity ETF,Broad Technology,"$1,079.05",6.28%,332095,$35.71,0.11%, 
PNQI,Invesco NASDAQ Internet ETF,Internet,"$1,061.05",10.46%,25283,$252.06,1.54%, 
XSD,SPDR S&P Semiconductor ETF,Semiconductors,$976.45,8.61%,116884,$185.48,0.60%, 
OGIG,O’Shares Global Internet Giants ETF,Internet,$825.06,13.15%,230278,$61.42,1.35%, 
ROM,ProShares Ultra Technology,Broad Technology,$757.23,13.37%,112008,$81.22,0.78%, 
XNTK,NYSE Technology ETF,Broad Technology,$743.23,9.04%,45659,$154.13,0.71%, 
PSJ,Invesco Dynamic Software ETF,Software,$691.90,15.59%,25767,$177.80,3.08%, 
BLOK,Amplify Transformational Data Sharing ETF,Broad Technology,$617.64,25.99%,429189,$44.07,2.82%, 
PSI,Invesco Dynamic Semiconductors ETF,Semiconductors,$472.75,9.41%,43111,$114.80,-0.53%, 
PSCT,Invesco S&P SmallCap Information Technology ETF,Broad Technology,$444.19,13.88%,24329,$139.48,1.65%, 
XITK,SPDR FactSet Innovative Technology ETF,Broad Technology,$424.05,14.54%,26033,$246.37,2.78%, 
PTF,Invesco DWA Technology Momentum ETF,Broad Technology,$397.03,15.00%,30465,$161.78,3.43%, 
SNSR,Global X Internet of Things Thematic ETF,Internet,$391.84,6.95%,104235,$34.00,0.56%, 
XSW,SPDR S&P Software & Services ETF,Software,$378.79,8.31%,19792,$166.90,1.92%, 
IRBO,iShares Robotics and Artificial Intelligence ETF,Broad Technology,$378.26,19.38%,83005,$47.56,2.24%, 
SOCL,Global X Social Media Index ETF,Social Media,$374.86,17.32%,68810,$72.48,2.46%, 
PRNT,3D Printing ETF,Broad Technology,$369.40,45.06%,298130,$45.65,4.01%, 
IHAK,iShares Cybersecurity and Tech ETF,Internet Architecture,$351.60,4.26%,128289,$42.07,0.65%, 
BUG,Global X Cybersecurity ETF,Internet Architecture,$279.75,1.56%,250881,$28.68,0.10%, 
BLCN,Reality Shares Nasdaq NexGen Economy ETF,Broad Technology,$221.95,8.39%,94343,$44.17,2.13%,
ITEQ,BlueStar Israel Technology ETF,Broad Technology,$203.66,9.58%,27306,$75.33,0.91%, 
DTEC,ALPS Disruptive Technologies ETF,Broad Technology,$200.86,6.86%,28368,$49.41,0.80%, 
USD,ProShares Ultra Semiconductors,Semiconductors,$192.77,10.80%,60313,$114.60,-1.66%, 
IEUS,iShares MSCI Europe Small-Cap ETF,Broad Technology,$187.93,4.24%,10841,$64.72,1.05%, 
IZRL,ARK Israel Innovative Technology ETF,Broad Technology,$185.67,18.23%,147554,$35.09,2.27%, 
AIQ,Global X Future Analytics Tech ETF,Broad Technology,$175.52,8.46%,60979,$29.50,0.82%, 
WFH,Direxion Work From Home ETF,Broad Technology,$147.29,8.72%,46321,$73.41,2.03%, 
GAMR,ETFMG Video Game Tech ETF,Software,$114.24,13.99%,44197,$89.98,2.18%, 
IETC,iShares Evolved U.S. Technology ETF,Broad Technology,$106.17,5.70%,18743,$50.24,0.60%, 
CWEB,Direxion Daily CSI China Internet Index Bull 2x Shares,Internet,$93.43,52.12%,56692,$92.46,2.43%, 
TDV,ProShares S&P Technology Dividend Aristocrats ETF,Broad Technology,$92.29,3.26%,6505,$54.53,0.33%, 
XWEB,SPDR S&P Internet ETF,Internet,$84.03,19.32%,5273,$187.15,2.88%, 
LOUP,Innovator Loup Frontier Tech ETF,Broad Technology,$79.35,18.14%,28283,$58.88,2.29%, 
KEMQ,KraneShares Emerging Markets Consumer Technology ETF,Broad Technology,$78.84,14.05%,37625,$37.18,1.17%, 
ISRA,VanEck Vectors Israel ETF,Broad Technology,$78.74,5.82%,5844,$47.45,0.57%, 
MOON,Direxion Moonshot Innovators ETF,Broad Technology,$78.03,41.03%,N/A,$44.79,3.16%, 
IGN,iShares North American Tech-Multimedia Networking ETF,Networking,$76.25,14.64%,8130,$68.35,1.83%, 
QTUM,Defiance Quantum ETF,Broad Technology,$75.65,12.95%,23268,$46.88,1.17%, 
SOXS,Direxion Daily Semiconductor Bear 3x Shares,Semiconductors,$74.77,-23.24%,2871808,$13.77,2.30%, 
FTXL,First Trust Nasdaq Semiconductor ETF,Semiconductors,$71.71,5.06%,11252,$62.81,-0.29%, 
TECS,Direxion Daily Technology Bear 3X Shares,Broad Technology,$65.55,-13.88%,2041256,$7.51,0.54%, 
IVES,ETFMG Drone Economy Strategy ETF,Broad Technology,$61.68,10.89%,4089,$57.80,1.99%, 
LEGR,First Trust Indxx Innovative Transaction & Process ETF,Broad Technology,$60.18,5.57%,10697,$39.61,1.10%, 
JHMT,John Hancock Multi-Factor Technology ETF,Broad Technology,$55.00,5.97%,2302,$83.40,0.43%, 
WUGI,Esoterica NextG Economy ETF,Broad Technology,$48.78,14.65%,17206,$57.70,0.70%, 
PXQ,Invesco Dynamic Networking ETF,Networking,$47.46,6.41%,4627,$89.86,1.38%, 
CHIK,Global X MSCI China Information Technology ETF,Broad Technology,$38.27,5.62%,16835,$35.53,-0.20%, 
LRNZ,TrueMark AI & Deep Learning ETF,Broad Technology,$31.63,7.71%,10338,$51.30,-0.12%, 
THNQ,ROBO Global Artificial Intelligence ETF,Broad Technology,$28.91,9.10%,11905,$43.72,0.37%, 
KOIN,Innovation Shares NextGen Protocol ETF,Broad Technology,$25.32,6.28%,11819,$39.84,0.53%, 
TPAY,Ecofin Digital Payments Infrastructure Fund,Broad Technology,$11.10,3.37%,2695,$46.19,1.16%, 
ARMR,Armor US Equity Index ETF,Broad Technology,$6.12,4.74%,4856,$22.67,0.53%, 
REW,ProShares Ultra Short Technology,Broad Technology,$5.28,-13.48%,13998,$12.44,-0.88%, 
SSG,ProShares Ultra Short Semiconductors,Semiconductors,$3.29,-13.48%,21576,$12.05,1.43%, 
VCLO,Simplify Volt Cloud and Cybersecurity Disruption ETF,Cloud Computing,$1.60,5.85%,N/A,$12.93,0.94%, 
VPOP,Simplify Volt Pop Culture Disruption ETF,Broad Technology,$1.30,5.28%,N/A,$13.23,2.00%, 
CLDL,Direxion Daily Cloud Computing Bull 2X Shares,Cloud Computing,$0.00,N/A,N/A,$28.98,4.28%,
VOX,Vanguard Communication Services ETF,Broad Telecom,"$3,355.68",7.34%,148467,$129.02,1.34%, 
NXTG,First Trust Indxx NextG ETF,Broad Telecom,$936.04,5.91%,79011,$73.29,0.40%, 
FCOM,Fidelity MSCI Communication Services Index ETF,Broad Telecom,$669.29,7.45%,103138,$48.89,1.45%, 
IYZ,iShares U.S. Telecommunications ETF,Broad Telecom,$404.79,5.05%,266975,$31.75,0.79%, 
IXP,iShares Global Telecom ETF,Broad Telecom,$312.60,8.11%,26578,$80.25,1.06%, 
XTL,SPDR S&P Telecom ETF,Broad Telecom,$68.19,14.73%,6411,$97.23,1.96%, 
WBIF,WBI Bull|Bear Value 1000 ETF,Broad Telecom,$37.33,5.78%,3511,$28.60,0.88%, 
EWCO,Invesco S&P 500 Equal Weight Communication Services ETF,Broad Telecom,$30.11,7.51%,6937,$34.00,1.77%, 
LTL,Ultra Telecommunications ProShares,Broad Telecom,$2.10,10.03%,2432,$43.62,1.70%,
XLU,Utilities Select Sector SPDR Fund,Broad Utilities,"$11,996.10",1.42%,11702362,$63.59,0.54%, 
VPU,Vanguard Utilities ETF,Broad Utilities,"$4,397.29",1.47%,203968,$139.24,0.52%, 
IGF,iShares Global Infrastructure ETF,Infrastructure,"$2,987.17",1.65%,379294,$44.43,1.02%, 
NFRA,FlexShares STOXX Global Broad Infrastructure Index Fund,Infrastructure,"$2,252.89",1.86%,127108,$54.76,0.72%, 
PAVE,Global X US Infrastructure Development ETF,Infrastructure,"$1,178.66",4.10%,840351,$22.08,0.96%, 
FUTY,Fidelity MSCI Utilities Index ETF,Broad Utilities,"$1,014.94",1.65%,216456,$41.25,0.61%, 
IDU,iShares U.S. Utilities ETF,Broad Utilities,$791.96,1.33%,82397,$78.63,0.56%, 
GII,SPDR S&P Global Infrastructure ETF,Infrastructure,$362.17,1.78%,33344,$50.78,0.95%, 
RYU,Invesco S&P 500® Equal Weight Utilities ETF,Broad Utilities,$200.51,0.60%,18102,$100.65,0.62%, 
IFRA,iShares U.S. Infrastructure ETF,Infrastructure,$180.44,4.43%,147067,$31.32,0.80%, 
FXU,First Trust Utilities AlphaDEX Fund,Broad Utilities,$173.06,0.46%,63752,$28.51,0.60%, 
TOLZ,ProShares DJ Brookfield Global Infrastructure ETF,Infrastructure,$154.87,2.63%,33344,$42.15,0.64%, 
JXI,iShares Global Utilities ETF,Broad Utilities,$147.07,0.58%,12692,$60.42,0.28%, 
PUI,Invesco DWA Utilities Momentum ETF,Broad Utilities,$51.30,1.32%,8814,$32.15,0.85%, 
UTES,Reaves Utilities ETF,Broad Utilities,$30.39,1.84%,3163,$40.95,0.59%, 
PSCU,Invesco S&P SmallCap Utilities ETF,Broad Utilities,$22.11,12.09%,2200,$60.43,2.65%, 
JHMU,John Hancock Multi-Factor Utilities ETF,Broad Utilities,$21.74,0.55%,1873,$31.04,0.68%, 
UTSL,Direxion Daily Utilities Bull 3X Shares,Broad Utilities,$18.86,2.75%,71511,$28.03,1.59%, 
EMIF,iShares Emerging Markets Infrastructure ETF,Infrastructure,$15.71,-0.94%,3290,$24.31,1.04%, 
UPW,ProShares Ultra Utilities,Broad Utilities,$12.74,2.12%,2737,$58.13,1.38%, 
INFR,Legg Mason Global Infrastructure ETF,Infrastructure,$8.92,1.94%,2681,$30.17,1.34%, 
ECLN,First Trust EIP Carbon Impact ETF,Broad Utilities,$4.58,2.73%,3732,$23.11,0.65%, 
GLIF,AGFiQ Global Infrastructure ETF,Infrastructure,$2.45,3.44%,302,$24.67,0.78%, 
SDP,ProShares Ultra Short Utilities,Broad Utilities,$1.72,-4.00%,6947,$17.88,-1.43%, 
CHIU,Global X MSCI China Utilities ETF,Broad Utilities,$1.59,4.84%,879,$16.03,0.44%,